isMalware,A,B,C,D,F,G,I,J,L,M,O,P,R,S,T,V,X
0,5937,24294,825,58024,1680,103709,134219,18670,2460,87878,4490,36179,38192,16258,7212,17301,1048
0,2937,8926,429,15264,844,19035,37656,4772,458,24883,792,7595,9201,440,2278,5195,149
0,9496,36519,1252,73211,2694,129337,166796,23158,3570,114491,4415,44573,46286,16884,8232,22578,831
0,7637,32010,1069,62608,1582,114993,149549,22497,2600,100686,5029,37970,43184,16271,8298,17961,1204
0,670,1867,50,2322,157,3773,5812,732,88,4046,138,1296,2239,108,374,738,34
0,9406,30931,885,41780,1878,55914,105725,16105,1149,81998,2747,20439,36550,2727,7501,13019,432
0,5897,24700,705,53369,1639,107293,109397,15890,1935,70396,2783,36342,27802,16069,5451,15890,746
0,7614,22910,818,32772,1983,43983,85589,11645,1674,57008,1901,17411,20748,1511,4451,10885,326
0,8225,32052,822,57594,1817,115773,137402,19825,2634,94255,4703,38946,40328,16367,8624,18338,777
0,1412,7445,245,20242,495,70620,39298,5877,709,25200,1265,19600,9948,15282,1812,5008,232
0,11575,42947,1353,73645,2163,132076,178561,27721,3121,126107,5175,43710,49198,16621,11114,22998,1262
0,10148,24488,1371,38880,1928,50186,89516,14007,980,66716,2054,19566,25702,1201,5744,11133,678
0,8662,34544,1099,87750,2276,124844,175524,23089,3351,121361,4844,44136,45185,16696,9880,24424,879
0,3888,14172,470,25165,1265,83057,57903,8953,1653,39472,1644,22731,15121,15821,3053,7571,332
0,2947,13151,355,27330,1117,79106,66368,9735,1438,44250,2262,22115,15020,15511,3415,7471,444
0,17721,46922,1767,101730,5205,103642,191279,28641,2643,126306,3406,47205,43427,4237,8947,30476,790
0,19525,48904,1894,94950,6946,107635,204617,28346,2800,137737,3582,46708,48892,2727,10117,29841,764
0,1001,2654,95,4533,286,4949,8377,1118,97,6562,176,2822,2859,171,554,3061,44
0,13164,41922,1521,67336,3379,187422,151814,24385,3656,108025,4719,56043,39993,32394,8525,21666,743
0,2054,4502,242,6617,714,9881,15926,2205,521,10128,365,3616,4537,313,982,2056,87
0,2483,8375,217,12468,326,13751,32049,5225,518,22738,915,5080,7787,509,1594,3191,195
0,8827,39414,1249,74512,2398,72715,169172,23012,4734,115894,6725,31087,45627,1417,8704,23899,696
0,4896,24489,797,56864,1420,101726,130481,18738,2632,84216,4593,34953,37201,16012,7170,16496,1035
0,9093,35129,995,65122,2007,64921,150956,19632,2158,102068,4306,29366,41196,2038,8594,21163,734
0,4263,23275,768,59433,1887,107269,130504,16356,1381,81482,4844,34559,29195,15830,6255,17176,911
0,4607,15498,417,26667,941,30752,61462,8306,1032,44232,1334,12110,17886,849,3762,9175,307
0,12704,40223,1419,68434,2502,76946,168613,23260,2907,117152,4449,33828,51177,2429,11617,22183,796
0,9704,38550,3424,67199,2260,70073,138107,22007,6351,104623,4641,29592,35059,6033,9284,17293,947
0,8918,28899,866,42327,1828,109308,104709,16469,2563,76387,3102,31263,29512,16316,6485,13004,563
0,7180,21109,884,28808,1647,38018,71618,11228,811,50803,1186,14367,18845,1061,3917,8112,405
0,13342,43751,1616,74100,3309,139721,165955,24768,3827,118169,4727,47417,48529,17234,9940,24240,805
0,4540,19166,682,37553,1159,90887,88116,12918,2138,58561,3007,26174,23738,15853,4502,11070,515
0,10996,31552,1401,49422,2923,116279,115902,17862,3054,83700,3719,34830,32815,16736,6750,15305,641
0,11460,39871,1599,69783,2808,131526,166435,23623,4182,116113,5773,43229,47883,17051,9297,22649,837
0,11171,34644,1380,53810,2724,61986,133778,20747,1652,93970,4757,25733,40948,2040,8519,19179,757
0,8115,33947,966,63381,1820,111842,152554,21176,4145,103385,5166,38530,35908,16437,7869,20956,632
0,5652,18651,505,29563,1232,91511,69218,11144,2115,48699,2258,25512,20977,15969,4176,9376,426
0,5759,16503,522,22763,1321,30280,62107,9721,538,43010,1319,10975,16271,862,3425,7005,517
0,9733,28300,1197,40295,2148,50299,105735,16338,1032,74492,2441,20338,28987,1508,6582,12871,691
0,5503,18496,549,31119,1227,91004,70701,11397,1756,48691,2216,25382,21629,15956,4293,9005,509
0,14155,32792,1252,57973,3933,126315,129233,19362,3028,91767,3372,40839,37890,16796,6976,18769,655
0,3339,16426,546,38197,964,86327,86254,12327,1864,56227,3618,26433,23267,15750,4412,11157,666
0,6331,29355,986,61183,1374,110418,145669,21291,2570,97574,4927,36688,41508,16106,8080,17691,1175
0,1412,7445,245,20242,495,70620,39298,5877,709,25200,1265,19600,9948,15282,1812,5008,232
0,5451,26422,819,56543,1324,104370,132255,19302,2437,87427,4749,34739,38867,16127,7636,16562,1065
0,11566,42068,1566,71034,2410,127526,159868,22935,3938,117771,6609,45489,50817,17913,11514,26025,716
0,50,745,3,1660,9,1281,3466,460,56,2531,52,531,763,4,118,438,11
0,16839,43378,1700,65481,3207,71835,163031,25055,2932,118182,5595,31131,50902,2954,10231,26445,752
0,16841,44567,1487,69865,2465,70105,159210,26047,2155,129522,4860,30419,45447,3710,10875,23726,915
0,7876,22554,707,33424,2234,96125,76709,12542,1705,55822,2344,27406,24278,16205,4655,10244,444
0,17196,46591,2189,73882,2980,87966,167860,25079,1937,123787,6999,35147,47991,2796,10187,25924,952
0,11175,40785,1288,73534,3355,133691,166822,23660,4734,114915,5884,47125,48004,17786,9184,23270,739
0,7528,27939,1038,57054,2004,113380,146855,19134,1613,103665,4095,37114,40477,16080,9150,17436,939
0,3104,12643,329,19657,688,79198,47694,7769,1308,33583,1445,20355,12468,15682,2596,5564,291
0,15006,37037,1984,64990,3805,70039,140952,21022,4148,106150,4834,28207,35009,3679,8093,19195,759
0,9552,33410,953,76144,2188,107853,133751,20446,3054,93460,4054,44127,36528,16819,8353,22362,558
0,2675,10607,357,19004,923,75092,43231,6763,661,28244,1464,19576,10801,15668,2252,5335,353
0,6005,29212,873,61794,1513,110857,145334,20984,2676,95847,4918,37830,42103,16167,8165,18102,1135
0,4521,15150,351,21372,1035,85001,49139,8849,1550,35333,1497,22121,11190,15584,3022,6111,294
0,12159,44016,1454,79822,3217,87125,182663,24540,3752,132859,5125,36738,50063,2387,10611,26594,839
0,2386,8029,249,35430,564,76883,31259,4382,665,19817,798,25601,6169,15372,1197,9054,152
0,10492,34049,852,57299,1726,53976,129145,18488,1253,98594,3724,23360,33132,2000,7801,20819,571
0,3194,12682,357,24123,922,79465,53652,8125,757,36256,1794,22637,13475,15722,2808,7540,377
0,1777,9232,309,25264,604,73204,58785,8373,1007,36052,2511,20703,14885,15257,2929,7082,478
0,1412,7445,245,20242,495,70620,39298,5877,709,25200,1265,19600,9948,15282,1812,5008,232
0,3251,9232,323,11137,810,17482,28440,4321,308,21228,523,6009,11163,586,1997,3118,171
0,8543,26799,1040,61964,1671,107822,143161,20076,3787,98031,5605,39174,42564,16359,7778,18562,1079
0,8270,35288,1071,75800,2031,124608,170562,24777,3107,114451,5537,44336,47425,16396,9255,21999,1465
0,6930,35188,1159,77365,1669,127907,186321,24075,2898,128601,5205,42263,49164,16138,10435,21930,1221
0,4334,14873,455,25096,1174,84757,58214,8991,1513,40525,1825,22627,18893,15954,3432,7233,371
0,5615,30601,830,68982,1720,110204,152695,20662,3040,99287,5046,38631,36993,16137,7315,20546,855
0,11175,40785,1288,73534,3355,133691,166822,23660,4734,114915,5884,47125,48004,17786,9184,23270,739
0,4474,12291,396,13954,971,23145,35514,5745,332,27056,645,7693,13306,761,2342,3784,202
0,4690,22051,503,43405,1216,92891,81053,12427,885,55338,2100,34953,18327,16369,4115,12716,543
0,10314,24241,1143,49051,3578,49962,89741,13344,1704,63428,1407,23057,17737,1389,4068,13912,321
0,10392,31257,922,82699,2449,132097,164519,18871,2521,104641,5073,41081,39856,16368,8711,23624,651
0,1412,7445,245,20242,495,70620,39298,5877,709,25200,1265,19600,9948,15282,1812,5008,232
0,1412,7438,245,20210,495,70607,39245,5872,709,25178,1265,19589,9934,15282,1812,4999,232
0,9751,41836,1386,71843,2371,98588,195961,22065,3293,138053,5505,35036,50235,2398,12036,24710,689
0,13260,41956,1282,65687,3193,74859,154040,22625,2196,111825,4169,31835,47554,3824,8238,23061,588
0,2742,9188,294,18690,828,73498,38191,6061,1014,25261,1281,19306,10903,15601,2043,5204,303
0,10318,35475,1512,60443,2413,64675,143243,19046,2825,102792,5133,25810,38554,2512,8740,19522,527
0,11640,42305,960,75879,3940,124067,166349,32731,3414,142820,4903,48310,47747,15930,11083,26792,2718
0,4281,21395,552,46050,1297,92840,98226,13372,2509,64442,3547,30158,24913,15767,4686,14468,464
0,14475,38762,1854,81345,3769,85458,173990,22220,3796,117593,5123,35657,48978,2392,11979,22481,834
0,1803,10301,357,27334,599,75914,58090,8337,943,36619,2228,22567,14882,15534,2745,7589,397
0,8601,22436,758,37488,1486,36579,78888,12783,1219,57839,2943,15735,19908,1688,4007,11583,457
0,4777,15984,672,32209,1014,31333,62631,9837,1297,45302,1658,14302,19887,2683,3283,11099,244
0,9934,27644,939,46778,3313,111743,111356,15559,2499,76712,2707,35126,28587,16418,6521,14709,508
0,4834,28253,632,33588,2083,53816,74434,12535,508,49509,1094,17591,15854,467,9067,9946,333
0,12076,43357,1418,73147,2880,132878,173482,24293,4554,124166,5583,44971,49801,17147,10404,26382,651
0,2601,10053,266,17456,384,17450,42393,6458,923,29524,1259,7476,10574,666,1994,5257,239
0,9201,31851,1043,50566,2446,117586,124359,18333,3011,83985,3905,36449,36562,16878,6811,17416,568
0,6922,26360,715,44861,1562,104474,111677,15617,2938,76929,3183,30275,26611,16094,5960,13246,500
0,3190,10676,314,14772,780,20035,36024,5189,413,25441,934,7470,14010,612,2418,4446,169
0,9349,29129,1235,44012,2019,51549,105828,16346,2651,75003,4175,20970,31923,1652,6419,13915,612
0,6900,31348,1139,66170,1557,114729,151295,22739,2704,101692,5029,39640,43042,16287,8246,18490,1205
0,11078,39333,1255,86167,2467,145806,169241,22205,3800,112875,4959,43625,43914,17116,8695,23398,664
0,15035,40739,2067,76121,3006,73713,165483,26052,2200,117261,4574,33445,36390,3155,10505,26808,1248
0,4225,24165,782,57573,960,101483,134555,19269,2405,88328,4570,34301,34610,15703,7026,16373,1118
0,8295,27495,1009,47206,1843,49518,104820,15229,2176,72761,3251,22208,29002,1650,5662,15170,423
0,8917,22353,513,41131,1778,53717,91012,12786,816,60705,2416,22251,26487,3057,5526,16314,681
0,10728,38831,1467,85715,2907,143498,176075,24678,3015,114221,5278,43775,44733,16907,8712,22465,1214
0,6953,26576,885,51272,1892,108727,123995,17742,1744,82867,3842,34247,35043,16106,7309,15222,845
0,12761,42699,1466,75354,3523,141018,181174,26141,4311,120006,5050,47711,49808,16915,9447,24571,859
0,12515,47229,1758,81322,2908,136133,174618,26590,5327,131291,6180,47807,49025,17611,10670,25723,950
0,10324,33035,1255,57305,2135,60829,135897,19544,2587,89848,4460,24169,35773,2748,7232,18491,704
0,13232,41341,1503,77400,3914,136273,172168,23825,3219,119762,6182,44136,43811,17279,8959,26108,748
0,17299,48079,1205,83400,5147,134414,176229,37191,3951,158372,5858,48638,48046,19298,10189,28942,3275
0,9605,46160,1254,73506,2168,84956,186301,24319,2699,129297,3738,35792,47754,1396,11025,25087,590
0,9082,28252,1180,41998,2102,104473,104737,16346,2481,77605,3518,30686,28461,16653,5564,13563,524
0,1452,7840,246,21366,507,71443,41626,6166,730,26842,1323,19912,10331,15349,1872,5416,233
0,10036,25600,1356,34816,2920,49655,91746,13244,1589,69320,2649,18710,29293,1545,4949,11955,420
0,7179,34335,1145,70134,1549,119689,161509,24110,3106,108179,5389,41557,45940,16322,8926,20133,1230
0,1520,10641,256,28566,514,75076,65021,9187,1169,41289,2701,21466,16053,15262,3148,7933,480
0,3374,12573,385,20279,1071,80612,48787,7457,1276,32682,1466,20944,15978,15825,2922,5821,273
0,8827,39414,1249,74512,2398,72715,169172,23012,4734,115894,6725,31087,45627,1417,8704,23899,696
0,16633,44315,2208,88386,3965,87375,159344,26505,1487,110705,4551,43550,37810,3556,9759,31601,933
0,6762,16093,459,24171,1500,88756,55413,9242,1565,40165,1500,23997,14799,15845,3038,6790,313
0,1412,7445,245,20242,495,70620,39298,5877,709,25200,1265,19600,9948,15282,1812,5008,232
0,9818,39819,1122,80677,2678,131771,182118,24539,3749,120862,5856,45869,47720,16389,10030,24139,1218
0,12909,39322,1371,67499,2950,66488,157527,21134,1967,111795,4515,30407,48977,2630,16021,23088,625
0,4395,15811,461,28802,1210,87292,62365,9421,1560,42911,1994,23929,19851,15925,3614,7599,375
0,8808,27730,777,47070,1485,51664,114199,16206,1567,80220,3590,22757,34984,2766,7199,14515,609
0,11914,40820,1477,64685,2853,133276,142492,22097,3069,102898,5017,45270,42194,17180,9569,20964,733
0,6227,18996,644,27653,1628,90532,68405,10804,1478,48623,1711,24545,18579,15997,3812,8026,374
0,10479,36674,1041,180738,2187,83110,168432,21545,2823,107002,5004,78249,39459,2004,9507,22931,713
0,17496,69878,2749,115545,6524,192349,232477,37205,6474,156606,4532,69278,44975,16750,13028,32827,1089
0,24832,49024,1442,164751,3327,117291,245219,26952,943,192309,5113,64834,45577,8677,17713,46459,934
0,10298,40347,1144,66256,2033,72103,163048,23048,2659,111607,4354,32047,45444,1675,10364,21637,709
0,10281,31076,984,50579,2271,114655,118057,17854,2722,84372,3559,35401,34374,16488,6888,15627,656
0,10102,36808,1024,61290,1826,63942,137355,20961,1413,99094,2752,28480,35763,1339,8792,19240,502
0,3767,20566,618,49018,1006,93520,113279,16070,2368,73017,4271,31399,31960,15826,6407,14673,934
0,8993,38316,1027,171608,2186,128142,176433,23965,4206,119375,4499,93043,48219,16619,9491,23397,902
0,4395,15811,461,28664,1210,87223,62365,9421,1560,42911,1994,23860,19851,15925,3614,7599,375
0,4528,17596,586,32486,1156,88993,75530,11320,2494,52187,2389,24868,20825,15869,4094,9249,421
0,11805,45519,1611,90320,3434,201327,214742,27641,2961,160178,4532,60316,45650,31965,12196,27827,978
0,8531,28207,954,44281,1658,47321,103901,15950,1109,75156,2994,21157,32062,4044,7770,12754,520
0,4852,24690,851,59472,1268,101849,136044,19256,2463,88855,4680,35514,37821,16049,7281,16943,1091
0,11456,35930,1618,68039,2800,74173,151315,21095,2335,111190,4727,30793,42118,2316,8830,21036,697
0,5317,18763,649,39263,1258,90025,81449,13357,2444,56724,2682,31186,21719,15868,4890,10460,447
0,9282,36783,1015,67614,2718,127557,154441,22065,2883,104811,3543,41816,38680,16507,8504,21706,633
0,5452,23922,964,61416,1598,104960,141060,19200,2609,94138,4970,36437,37667,15790,7812,17779,1199
0,6165,33028,1071,70223,1624,115629,166047,23203,3076,109329,6356,41991,47916,16033,10180,22709,1189
0,8148,26362,821,39556,1679,104903,97948,15096,3187,70499,3104,30459,28959,16219,5948,12371,529
0,1412,7445,245,20242,495,70620,39298,5877,709,25200,1265,19600,9948,15282,1812,5008,232
0,4293,19099,526,41783,1161,92139,99406,14090,2342,65618,3310,28842,28039,15811,5731,11958,680
0,12593,52173,1685,106134,2650,158048,196050,33371,5483,139250,5903,59218,39788,18493,11044,30905,1122
0,6872,23778,705,40508,1652,101873,95162,13671,2255,65832,2542,30216,28038,16085,5771,12876,487
0,14284,29800,617,51635,2382,64147,125445,15332,1165,92831,4584,25531,34158,7706,8592,25962,399
0,8809,35248,1046,73189,2125,124607,154142,22084,4995,106626,5286,43664,43904,16902,8826,26531,656
0,5570,15403,507,20130,1187,29074,53428,8556,740,38062,1278,10089,13631,780,2841,5539,295
0,15984,26298,1761,60994,3348,129467,121797,17516,2560,84627,4669,41797,32522,16892,6212,17255,752
0,4121,17698,532,36799,1151,88761,77786,11510,1362,52072,2301,27004,22127,15820,4387,10660,379
0,6850,20916,609,35040,1673,40249,80514,11982,1038,53699,1908,16652,19463,903,4599,10531,448
0,2873,11561,373,21400,992,78600,49825,7480,1585,33786,1675,20501,15321,15692,2876,6130,301
0,1776,9230,309,25262,604,73198,58777,8372,1007,36051,2511,20703,14873,15257,2929,7082,478
0,4474,16643,411,27574,1083,87150,64189,9630,1578,43897,1844,24180,17161,15873,4006,8207,315
0,1611,5171,170,9140,382,9349,19183,2567,215,13020,737,3681,5747,238,1128,2761,96
0,9742,41221,1266,77525,2471,132067,181229,23847,4407,115804,5841,48531,50247,17450,10807,29880,626
0,8827,39414,1249,74512,2398,72715,169172,23012,4734,115894,6725,31087,45627,1417,8704,23899,696
0,8630,27178,860,42333,1609,48937,107344,15795,2419,75410,3759,20315,31998,1332,6977,14269,619
0,11928,42534,1437,72619,2383,129835,172166,26126,4678,119006,5862,43784,47905,16800,10269,23902,801
0,4063,19269,845,35610,1457,146322,78134,11374,2466,56604,2733,37768,19189,30959,4283,10182,310
0,2173,13530,356,32976,627,81475,71687,10026,1298,45035,2658,24723,18865,15514,3617,9754,415
0,5114,22221,809,51088,1399,48037,121380,15013,1588,80170,2753,20099,28231,1073,6800,15316,799
0,9856,39145,1124,64067,2323,128212,160806,21777,3059,104781,5451,42526,49662,16966,10529,22176,764
0,13628,30830,1310,89707,5032,129030,178626,20262,1889,121712,3804,44611,42875,16563,8599,25168,919
0,10753,39410,1180,79416,2446,75982,170698,21948,2319,116910,3887,35677,44874,1912,9795,23936,677
0,869,5437,161,10771,195,10534,19628,2988,460,13623,467,5450,5234,240,1034,3288,60
0,10900,44208,1504,77394,2483,76805,179949,24758,4601,125140,4958,33598,46383,2410,9258,25100,728
0,1412,7445,245,20242,495,70620,39298,5877,709,25200,1265,19600,9948,15282,1812,5008,232
0,7110,21790,637,35355,1599,98437,84876,12838,2180,59300,2553,29211,25109,16570,4774,11363,440
0,7160,33112,1136,68563,1718,118282,158123,23598,2946,105694,5170,41115,45051,16301,8703,19436,1217
0,11460,39871,1599,69783,2808,131526,166435,23623,4182,116113,5773,43229,47883,17051,9297,22649,837
0,10920,40484,1153,82742,2766,121266,174232,24909,3287,121359,5426,43086,47347,16744,10866,25425,1040
0,1412,7445,245,20242,495,70620,39298,5877,709,25200,1265,19600,9948,15282,1812,5008,232
0,3678,16174,563,38608,1036,87406,88970,12546,1520,56026,3336,26986,26256,15680,5001,11193,708
0,6794,27555,942,54407,1933,110745,120535,15988,3506,80628,4828,37325,36642,16700,7710,18071,639
0,1412,7438,245,20210,495,70607,39245,5872,709,25178,1265,19589,9934,15282,1812,4999,232
0,7818,26125,994,59802,1956,104915,91908,13547,2400,62887,2897,50449,29410,16578,5010,13314,467
0,13285,40306,1431,51229,2775,69751,141273,23061,1832,102676,3776,27807,45955,2585,10707,18919,621
0,7222,23810,1076,44269,2019,105831,95913,14566,2091,66956,2647,32722,29398,16480,5831,12885,470
0,9807,40851,1055,89317,2149,85106,173613,23174,2359,112092,3611,40867,59543,1259,10030,24020,1659
0,3296,15568,482,36197,969,86503,73168,10213,1319,48292,2051,26533,19625,15742,4261,10130,388
0,16756,39620,1826,51415,3688,74551,134383,21610,1535,102998,3114,27598,34709,2191,7132,16170,627
0,1673,9580,323,25626,567,74856,54978,7903,922,34470,2217,21722,14297,15429,2637,7086,386
0,4677,13518,391,21255,1071,25140,52480,8406,795,34567,1582,10036,16066,889,3035,6371,345
0,9606,32115,820,57506,2074,55277,127490,19069,1957,95296,3414,24513,30590,1435,7465,16829,818
0,6879,22613,716,38048,1867,99970,86994,13379,1851,60459,2341,28625,22121,16129,5348,12310,495
0,2469,10726,318,20497,716,75770,45636,7707,1669,31399,1429,19450,9850,15476,2139,5533,288
0,13272,45269,1914,74577,3058,83046,165053,24336,4088,118727,6037,35710,50251,2739,10342,24647,825
0,9114,34390,1303,46948,2267,59336,105603,18655,2022,75898,3537,23213,26885,2288,5781,16589,444
0,10669,38200,1181,63212,2674,68150,137813,19981,2398,100286,6431,28542,31828,2431,8135,22289,618
0,9173,39308,1002,78018,2492,129301,179953,24264,4500,121361,5720,44372,49527,16481,10621,23658,1121
0,24375,31600,585,80530,4422,79772,149913,18210,1359,109971,5719,32582,33709,18405,8555,36494,596
0,7973,35224,1273,72988,1896,121021,168751,24083,3828,114025,6674,42685,49199,16776,9408,22748,1208
0,2106,8195,394,15454,397,15424,28584,4069,1124,18901,794,7275,8429,533,1508,3552,114
0,15428,48009,1443,92920,4983,92478,177781,37383,3879,154663,6266,35702,44886,4881,11875,28296,3164
0,9627,37221,945,81807,2381,132224,178569,23977,3459,119465,4751,50905,48852,18185,10487,23485,909
0,2920,9486,280,15605,647,18186,37643,4673,1343,29990,1121,6995,11080,624,2647,5295,145
0,11153,39560,1095,74262,3186,125807,199838,22334,2901,149531,6189,43320,51761,16851,13335,27681,739
0,14338,44487,1647,86843,3263,149448,208496,25640,2869,147497,4098,49070,48712,17285,11642,26019,886
0,5189,19837,476,38624,1280,96369,87124,11801,1442,58168,1736,24347,18655,15930,6958,8626,380
0,3305,9390,328,12133,736,17740,29832,4548,311,22043,588,6099,11329,584,2041,3383,158
0,10692,42262,1428,80084,2514,134593,188276,25960,3512,127023,4986,44537,47926,16608,10316,25664,944
0,10882,32670,1293,65193,3543,78083,151908,19545,1330,99546,3540,32298,34989,4099,9015,23561,729
0,8319,33525,913,69664,2314,126835,158643,21580,3069,105421,4077,44084,44719,16484,9139,21332,1149
0,8935,38514,1615,75739,2605,136794,186758,21771,4226,121490,5053,44158,48862,16455,10283,24433,676
0,178,1238,45,2181,75,2118,4177,782,61,2838,27,717,590,8,237,406,15
0,8169,19647,1022,29461,1998,36578,72500,11158,931,51425,1333,14117,18369,971,3939,8273,366
0,6021,24416,711,38403,1406,43436,89073,13605,1201,64607,2210,19523,24550,1252,5785,13339,372
0,3423,18248,615,44631,967,89899,103086,14787,2106,66275,3967,29173,28657,15722,5639,12830,910
0,16796,52363,2282,80639,4104,207572,179795,28153,4180,137230,5886,61894,49378,32911,10872,25229,891
0,12799,43870,1187,79414,2799,83958,173111,23173,2970,126019,4720,37559,49374,2846,10362,25533,680
0,4349,22571,715,50744,1045,97825,119158,17421,2395,77996,4413,32102,33581,15898,6511,14511,1045
0,11048,44978,1470,82128,2600,82103,176155,23887,3211,129444,3387,38706,46962,1692,10683,25300,541
0,6687,29785,1037,69005,1727,113472,154112,22098,2898,101481,5255,40228,41538,16305,7927,19616,1159
0,5948,32373,1069,75188,1519,115044,170699,23624,3543,112591,5553,41708,45687,16320,8944,21608,1197
0,12328,40613,1248,65304,2451,75801,163644,23529,2924,109676,4260,33773,48883,1681,9950,22589,812
0,11774,41713,1608,69641,2533,80965,162786,23226,3157,118041,3947,34358,43020,3638,9155,23935,634
0,3051,19390,667,49080,762,92716,110577,16342,2211,71850,4164,31537,29535,15658,5744,14021,958
0,4887,17082,465,33657,1246,89727,65800,10054,1563,45262,2105,26123,20511,16188,3855,8241,399
0,6648,23365,711,38056,1734,104040,95270,13901,1844,64330,2035,29723,23914,16129,5452,11302,476
0,5181,16991,487,22805,1342,28764,62087,9726,554,42047,1765,10652,16435,768,3730,6781,396
0,11797,42908,1319,76098,2959,134100,178773,26974,3699,120508,4400,46222,44178,16825,10223,22940,915
0,12125,49365,2248,83847,3475,143748,194521,28265,4098,135533,4970,48850,48920,17394,9523,25230,968
0,4408,17786,476,29838,1187,87029,65143,10452,873,45089,2024,25859,15866,16369,3418,8955,449
0,2612,9240,284,15234,775,16908,38702,5482,412,25831,1081,6146,8583,479,2327,3680,284
0,1915,6192,228,9956,568,11256,23291,3242,361,17825,548,4111,7727,347,1349,2967,107
0,9602,31284,1259,54728,2417,62015,123233,17223,2937,87580,3838,26480,35246,1577,7249,18277,516
0,5562,16790,603,32656,2797,91781,77041,9997,1851,51878,1925,26165,17379,15774,3941,10166,308
0,4707,13958,383,35722,878,25828,52747,6604,947,36100,1565,12975,17723,1172,2814,9480,247
0,12854,46015,1483,82244,3774,144425,185343,26071,4485,128830,4331,49829,49759,17324,9703,25346,784
0,12044,40421,1103,82821,2655,128825,171328,25614,2921,115388,5974,44525,40109,17017,8395,27146,988
0,13353,45415,1456,71765,3100,142888,176107,25498,4175,124888,4704,46563,49794,16640,10931,23012,805
0,15011,39157,1381,70207,2901,71920,147709,21687,1868,107228,4735,32210,40525,3706,8943,22763,633
0,5749,17218,482,27464,1342,31432,58149,9081,869,40599,1174,14802,16711,1063,3264,8028,283
0,400,2201,117,4886,121,4851,7471,1359,68,5656,87,2832,2101,93,331,1291,35
0,12888,40629,1704,68689,3003,132580,147620,23115,4079,102769,5371,44722,40495,17282,9015,22498,693
0,5937,15235,722,36618,1885,30801,67721,8219,998,49271,1968,17135,23174,1247,5073,9216,204
0,3802,18417,587,47777,1562,93886,107286,14206,1734,68081,3558,31430,26683,15723,5388,14057,732
0,6333,27870,879,61278,1624,108095,142152,20131,2623,94538,4973,36928,41704,16301,7980,18174,1120
0,9487,36094,1305,74900,2320,122355,175510,24033,2409,122961,5782,41778,49239,16577,9791,23709,1062
0,7132,27620,733,58729,1993,115707,135413,18415,2327,89892,3653,38643,39297,16459,7938,17689,1105
0,7805,35983,791,86528,1580,128596,199570,23740,4960,133854,6504,45612,48422,18260,10088,28020,867
0,10003,30206,1302,70654,2557,115216,139557,19293,2512,94953,4846,41793,36398,18605,7439,21082,704
0,1400,7407,237,20075,491,70534,39044,5848,709,25056,1265,19543,9881,15282,1811,4981,231
0,7045,23789,616,34043,1585,100584,84164,13548,2265,58766,2536,28189,23608,16173,4992,10274,421
0,10082,34997,1179,59627,2144,62594,138802,19771,2432,94723,4983,28612,37960,1720,7642,20815,613
0,9479,35986,1305,74838,2320,122160,175191,24011,2409,122678,5774,41767,49151,16572,9761,23681,1065
0,411,2356,118,5420,122,5150,8510,1513,83,6392,115,2971,2289,115,349,1465,35
0,68,103,4,397,20,209,769,69,0,477,1,162,167,1,39,123,1
0,11553,34706,868,54979,3174,125671,120199,19703,2207,85672,2182,36322,24351,16565,6801,17786,554
0,6594,24355,640,37947,1312,40168,90357,14582,1743,61799,2430,16106,21550,1088,4632,10309,671
0,1265,6779,167,12824,543,69800,29745,4394,1184,19743,1139,16861,7023,15364,1557,3712,167
0,11281,29810,892,46936,3374,113728,100483,17096,2082,72746,2163,33369,21531,16399,5666,14143,531
0,9373,30967,908,51109,2049,59698,113606,16891,1990,77792,4352,26752,30063,1805,7538,19761,503
0,11566,42068,1566,71034,2410,127526,159868,22935,3938,117771,6609,45489,50817,17913,11514,26025,716
0,3450,28448,440,39967,1034,102610,93474,13620,932,58232,1700,27752,17554,15805,3864,9964,609
0,5672,22539,752,50866,2137,108906,108493,13182,3039,69868,2866,32124,28859,15840,6188,15926,382
0,12844,28364,1004,59756,2585,57759,113804,15984,1583,78572,2495,29805,25601,1886,6614,19657,502
0,14775,43592,1848,90914,2896,134603,193138,28686,2975,140735,6252,49192,47873,17630,11247,30052,1392
0,6354,29688,842,67689,2179,114445,145621,20155,3472,93969,4082,40080,37716,16237,7983,19256,875
0,43,561,1,1147,10,971,2372,324,42,1401,33,412,648,9,71,295,10
0,1065,5879,179,14946,550,67401,32564,4339,607,18943,1276,16793,6542,15357,1262,4165,206
0,6185,16732,312,26077,2030,42878,57761,8767,628,40662,896,14707,14738,1189,2216,8089,171
0,12631,47759,1717,74574,2381,80894,188661,26303,2988,144627,4389,32463,49069,2610,11478,24886,820
0,1506,7770,239,21317,535,71467,41281,6120,709,26480,1295,19938,10272,15335,1875,5367,233
0,9573,38277,1188,73509,2122,128852,178841,25196,3272,120953,5773,44613,49128,16432,11560,23668,1092
0,11460,39871,1599,69783,2808,131526,166435,23623,4182,116113,5773,43229,47883,17051,9297,22649,837
0,5733,20768,767,42868,1649,90407,86043,11423,1912,58814,3121,29297,26023,16556,4572,14042,333
0,2836,11215,320,21050,877,76314,45708,7183,805,29787,1553,20414,11234,15684,2415,5988,363
0,11991,45032,1663,72238,3071,137929,168905,24833,3422,123357,5322,44755,49146,17919,10020,22614,820
0,1400,7407,237,20075,491,70534,39044,5848,709,25056,1265,19543,9881,15282,1811,4981,231
0,1412,7445,245,20242,495,70620,39298,5877,709,25200,1265,19600,9948,15282,1812,5008,232
0,5153,26758,855,62672,1424,105799,142597,20241,2770,92828,4844,37402,39448,16141,7566,18104,1078
0,12052,34240,1236,65306,3791,63877,131235,18349,866,109130,2624,24564,26256,1750,7290,14233,617
0,10549,33703,1272,59138,2233,60501,154168,19939,2733,108542,5153,26861,49268,1710,10564,20652,685
0,8049,38027,1044,74566,2393,131276,172268,23399,4605,115136,4560,45541,46725,16207,8896,23234,836
0,13442,33771,1306,87556,5172,131924,180294,23745,2292,123947,4463,47400,44676,16861,9332,25680,1045
0,7472,32595,1170,67745,1799,118488,155074,23264,2871,104932,5095,40468,43688,16249,8373,18925,1208
0,5214,22644,611,47501,1378,97337,110311,15090,2608,72403,4081,31300,32832,16082,6044,14375,633
0,10616,45252,1289,71982,2479,136413,166773,24827,3724,117452,7035,50747,47957,21275,9750,25353,852
0,9117,35159,1160,70135,2225,123373,167016,24255,2607,113077,5452,42803,47899,16405,9737,21103,1271
0,7281,31369,777,50699,1682,64659,134618,16539,1702,96375,1615,26494,37602,911,9228,17224,484
0,1412,7445,245,20242,495,70620,39298,5877,709,25200,1265,19600,9948,15282,1812,5008,232
0,4952,20308,540,34130,1091,34352,82391,10049,933,58467,2148,16039,23324,961,5378,11141,275
0,11603,41910,1491,79344,3152,79244,176746,22100,3220,129896,6495,32862,45652,1800,10148,27063,531
0,18246,65503,2130,87431,4478,101021,190067,30054,3831,122168,7495,41997,55139,5902,18091,29484,386
0,2472,2380,38,14024,1569,28385,18098,945,9,11351,99,8184,1791,32,1922,1655,9
0,16116,28570,1324,56130,2441,116707,126969,17375,2802,85543,3803,36705,31420,16415,7210,19851,511
0,1957,5043,212,8191,425,7916,16187,2861,224,11802,366,3203,3717,678,520,2171,85
0,2960,11436,393,21308,1031,78482,49641,7442,1612,33484,1694,20556,15248,15769,2882,6130,294
0,14847,48700,1399,70369,3207,86056,164431,25285,2026,116551,3933,39207,49459,2944,11341,23902,628
0,2160,13244,351,34065,702,79984,76639,10710,1193,46501,3039,24359,19211,15367,4006,9668,537
0,10725,43725,1266,76149,2561,129411,180104,26720,3605,126085,7827,44382,48684,18216,10586,25627,993
0,8737,29190,1094,46472,2054,109744,113119,16901,2123,78033,2780,32590,31861,16466,6517,13223,605
0,9235,26103,582,38151,2067,101320,76906,14416,1615,57629,2322,31049,18226,16646,4903,13662,395
0,396,2185,117,4815,120,4819,7363,1341,68,5609,86,2806,2052,89,324,1263,35
0,1412,7445,245,20242,495,70620,39298,5877,709,25200,1265,19600,9948,15282,1812,5008,232
0,16717,50566,2374,82586,5711,158379,176274,27435,3419,117549,3101,54165,38514,16446,10414,24117,1070
0,12938,30241,956,45959,2049,44926,105783,17589,1274,81639,2943,21462,27185,2340,5971,17511,482
0,4286,12685,344,27200,1089,28162,51119,6256,675,34346,1035,11805,14608,935,3261,7404,239
0,5904,30991,877,75494,1850,114106,162516,20738,3300,109251,4702,41166,40909,16169,8546,23207,671
0,2263,11885,319,29340,652,78228,57702,8398,1094,36883,1771,23486,14842,15540,2803,8087,281
0,11809,42741,1489,74585,2999,194798,179672,25382,4471,129371,5437,56110,48321,32015,10565,23712,851
0,10392,31257,922,82699,2449,132097,164519,18871,2521,104641,5073,41081,39856,16368,8711,23624,651
0,4937,14955,387,23074,921,25302,57917,7921,1741,41285,2221,12152,19751,2269,4472,8153,222
0,1412,7445,245,20242,495,70620,39298,5877,709,25200,1265,19600,9948,15282,1812,5008,232
0,9006,39261,964,72802,1833,122061,169909,24194,2780,117436,6156,42390,48598,16311,9953,23083,982
0,11831,42589,1586,77584,3078,145689,178509,24681,4026,122134,4315,48010,49061,16838,9471,24339,795
0,1412,7445,245,20242,495,70620,39298,5877,709,25200,1265,19600,9948,15282,1812,5008,232
0,8805,30286,1191,46895,2101,58161,108518,15868,2467,74574,3740,25827,28783,1929,8119,17625,408
0,6965,32051,1144,67856,1578,116101,155356,23307,2975,104337,5164,40224,43933,16298,8437,19037,1211
0,3,36,0,542,0,146,451,88,0,383,2,223,108,1,26,160,0
0,8639,26842,1042,62072,1676,108000,143260,20122,3787,98175,5605,39139,42585,16359,7778,18572,1079
0,7230,30933,930,65195,1738,115883,148561,21356,3068,97759,5167,39681,42738,16268,8228,18903,1375
0,8706,27590,939,47761,2133,107973,105074,15834,2364,73056,3236,33417,30016,16674,5695,14539,550
0,3296,15568,482,36197,969,86503,73168,10213,1319,48292,2051,26533,19625,15742,4261,10130,388
0,13320,44636,2050,83958,3561,144443,177166,25736,3909,124336,6248,53110,50556,17744,10488,27697,943
0,6451,32342,988,65635,1514,114235,159234,22754,2840,103636,6038,38911,42417,16126,8649,20686,1250
0,6691,16107,427,25667,1569,90912,57639,9277,1574,41644,1516,24010,14915,15878,3297,8149,307
0,4134,17862,497,37852,1368,89238,82097,11668,1675,53624,2613,26871,22012,15808,4505,10735,491
0,5001,27323,545,49809,1244,100378,94879,14360,1021,63710,2190,37176,20089,16386,4581,14194,598
0,15156,50950,1620,90571,3712,90860,242330,27779,2661,155783,3863,40000,46697,2485,11449,28330,882
0,11446,37929,1374,65125,2625,179441,147944,24007,3487,102606,5880,52920,41290,32349,8578,21852,772
0,6500,26201,711,58048,2054,108974,123135,16007,1942,81331,2365,41179,27489,15932,6467,18069,518
0,8169,18299,630,26186,1516,29418,51834,9390,942,40609,1710,13380,13915,1548,2601,9084,252
0,8915,28944,1172,72078,1848,113648,155289,22020,3168,105109,5328,46684,46388,16350,8880,19433,1115
0,10290,27025,1165,62459,2484,111754,145268,20182,3015,103020,5057,39621,41679,16247,7693,18254,1074
0,10085,39944,1176,97852,2203,93078,214864,23053,2932,138866,4468,32414,49136,1263,10637,26334,852
0,2744,14146,326,22903,879,80390,52295,8056,744,33984,1545,21195,12174,15682,2515,6143,388
0,1856,9517,270,24244,711,75000,48240,6976,945,30604,1451,21656,12332,15387,2312,6320,248
0,11075,34920,1089,54501,2118,61793,133033,18833,2913,97460,4373,25045,37922,1714,7908,18346,645
0,2211,7814,243,18065,753,72294,36062,5631,799,25218,1358,21005,9644,16596,1948,5629,276
0,8680,27814,835,136356,2102,49416,102548,14179,1304,70667,2733,66659,28559,1213,5789,13839,347
0,8391,33267,1105,64991,2013,119332,154713,22667,2545,104419,5070,40001,45283,16317,8627,19048,1209
0,5347,24509,610,36634,1795,39893,83059,12110,1407,57330,1151,15933,18111,730,3062,10047,269
0,6965,25174,1032,42413,1963,105823,93226,14524,2081,65840,3529,33323,28939,16408,5780,13798,464
0,12269,37681,1304,84077,2989,143879,157641,21156,3655,104516,5043,43479,41001,18153,7267,22678,666
0,10929,37439,1463,59951,2150,61620,150678,21711,3035,110838,5451,26263,46152,2368,9748,21335,678
0,7472,32595,1170,67745,1799,118488,155074,23264,2871,104932,5095,40468,43688,16249,8373,18925,1208
0,1412,7445,245,20242,495,70620,39298,5877,709,25200,1265,19600,9948,15282,1812,5008,232
0,12201,46942,1552,79787,2695,129375,173412,24155,3137,129878,5153,47785,49007,17650,10924,24913,600
0,7949,32256,1034,49824,1854,56404,125961,17264,3048,90269,2665,23043,32745,1974,6507,15826,348
0,6752,22753,709,32714,1756,98227,74930,13288,2079,53172,2145,27665,17971,16287,4345,9950,437
0,10628,48206,1031,71370,2577,138720,170135,26401,3020,122024,6784,45773,47995,17986,11170,26306,846
0,6129,30061,836,61789,1467,104747,130531,19611,2194,86895,4215,35482,34709,16317,8375,17485,1051
0,13175,40116,1787,63172,4623,73063,148548,20206,3157,115621,3424,32477,37864,1673,8164,19914,417
0,13002,25586,1031,45819,2398,60530,104312,14264,1441,73349,2374,23138,22678,1220,5346,14342,440
0,11026,37625,846,52786,2313,124358,130324,21518,3050,96335,3921,38166,39270,17653,7787,17440,618
0,9394,39497,1405,76329,2239,127931,177219,25000,3575,121686,6638,43489,48497,16672,9538,23176,1133
0,4156,16756,446,26990,1262,85043,58921,9594,837,39559,1746,24011,14352,16420,3154,7533,440
0,14162,51377,1701,83180,3663,145592,191598,29355,4533,139080,5650,50227,49312,18233,10623,26837,892
0,2856,14350,415,37675,926,86646,74405,10066,1317,48189,2019,29843,19256,16687,3514,10581,343
0,7113,24848,787,35476,1892,102112,81691,14386,2324,57857,2238,29020,19286,16344,4638,10779,457
0,10685,37994,1009,83170,3663,139071,181991,24521,3331,122511,6483,48237,48469,16401,9010,27239,842
0,4395,15811,461,30476,1210,88129,62365,9421,1560,42911,1994,24766,19851,15925,3614,7599,375
0,3127,17401,419,42828,1118,88851,88764,12514,1724,57205,2239,28919,19158,15796,4731,13083,690
0,11966,28318,1221,70405,4377,120029,150461,19224,1877,102341,3786,41402,39997,16553,7735,20743,906
0,5999,19832,647,29736,1600,39068,68902,11041,2119,47070,1759,15632,14167,1280,3907,10096,420
0,5315,28559,978,63725,1331,108808,145906,21452,2894,96408,5064,38478,39850,15973,7902,18718,1139
0,4447,18681,480,41763,1322,93639,83023,12253,1613,52735,2433,29219,19862,15672,3988,11516,677
0,11158,49806,1077,63373,2340,96544,181923,27028,2018,124017,4105,35245,49136,2417,11814,21515,884
0,15730,42256,1466,77375,3388,130634,167705,22458,3008,118692,5110,45598,48571,17296,9356,26314,683
1,11,83,0,265,2,36,371,51,0,235,0,33,80,0,9,42,0
1,545,2151,37,3678,75,2991,8438,1019,143,5687,348,1408,1949,147,456,1617,12
1,5426,29685,782,73871,1694,101971,131539,18303,1858,80323,3756,36569,31683,16007,5629,18169,896
1,920,3340,109,7194,275,6267,14791,2011,266,9991,875,3152,3420,115,899,2690,38
1,0,14,0,70,0,46,177,24,0,97,3,22,32,2,9,32,0
1,5,70,0,252,1,35,349,35,0,233,0,32,60,0,9,41,0
1,84,172,6,532,12,414,1003,139,0,537,0,223,136,27,62,345,0
1,125,614,2,2328,26,868,3448,493,15,2565,11,525,555,24,124,449,6
1,14,18,1,162,12,70,270,24,0,895,3,43,64,4,15,52,0
1,12765,51487,1645,84253,3657,154687,200210,29762,4904,133441,5021,52175,49993,17542,9550,28293,855
1,4720,16658,456,37375,1286,27441,65445,9845,842,42492,1638,17449,17674,1157,3656,10201,247
1,170,542,18,1449,101,1028,3349,383,21,2182,21,664,657,59,51,461,4
1,34,178,7,3115,4,606,2524,157,0,2217,9,1091,122,9,72,949,1
1,5149,17619,540,38328,1355,29636,78945,132128,842,45497,1641,18305,28506,1169,3813,10489,267
1,1694,5105,212,10970,697,8615,19767,3117,272,14775,865,4921,4540,933,854,3969,57
1,14,18,1,162,12,70,270,24,0,895,3,43,64,4,15,52,0
1,6349,33070,1472,72932,1820,54705,128569,22290,3749,97522,5916,25876,23611,2273,4655,22393,685
1,9,134,0,769,3,161,1297,82,0,775,1,157,223,4,156,231,0
1,1918,6913,246,13277,619,13189,28175,3973,313,18758,573,6527,9102,556,1641,4815,162
1,22,20,0,144,9,28,405,13,0,271,3,17,23,7,0,109,0
1,5313,9185,133,22847,804,36864,31497,5990,247,18938,299,11618,4640,451,945,6643,273
1,1076,4726,106,9344,258,8147,21301,3094,375,14598,647,3849,4965,234,1133,3052,144
1,252,1374,0,4545,8,1259,4488,351,140,1566,2050,584,285,1,51,2341,10
1,2153,8873,304,20826,897,15324,41523,5528,540,27601,1210,8722,9116,1122,1758,7053,158
1,301,1163,57,3848,77,2142,6354,823,89,4380,78,1617,843,134,190,1042,14
1,281,766,17,3322,32,1667,4095,505,51,2812,187,1025,1045,624,342,1050,23
1,9,134,0,1289,3,225,1819,148,0,1259,1,253,224,4,163,420,0
1,919,3895,171,10140,324,6238,17283,2569,336,11752,543,4766,3932,859,689,3060,49
1,1200,3000,147,3531,361,5591,9068,1449,131,6044,218,2024,3522,222,562,1119,67
1,6053,3754,83,8650,1686,10754,4520,1769,12,8544,18,5206,1131,1615,111,1031,33
1,775,2095,66,2201,223,3265,5631,964,34,4188,94,1117,1252,149,317,751,34
1,1022,3138,115,6214,366,5436,12779,1932,269,9305,837,2734,2886,117,761,2456,30
1,1511,8134,179,23834,532,12879,41944,5742,503,29126,580,7741,6680,715,1353,6131,127
1,2110,8558,249,22020,765,16369,44639,5347,561,29140,876,9367,9763,624,1682,7610,161
1,14505,49998,1634,84588,5147,98258,193871,27727,3478,131542,3566,37945,47139,2510,9778,26690,746
1,364,1184,27,3195,188,2443,5956,1058,16,4295,73,1313,1241,147,162,890,35
1,686,3128,24,4669,58,5217,10945,1397,122,7514,161,1838,2819,147,565,1202,33
1,2383,7026,218,8459,567,13160,20872,3145,258,16077,409,4583,8175,465,1429,2357,118
1,2675,8507,284,24066,867,22013,43784,5905,229,36334,303,9598,9021,351,1319,6857,152
1,11415,42997,1236,92241,3520,85059,198153,27904,2714,132850,3534,39514,43610,3290,8666,29145,820
1,1095,4453,30,6177,133,5402,12013,2189,1003,9666,1040,2533,2663,240,750,2757,29
1,9,134,0,1289,3,225,1819,148,0,1259,1,253,224,4,163,420,0
1,563,3093,85,7008,211,5871,13961,1939,141,7611,302,3713,3958,322,743,2623,79
1,4725,16663,456,37343,1287,27417,76040,125715,842,43295,1638,17425,27459,1157,3649,10202,247
1,32,176,8,2509,4,475,2625,162,0,2251,10,897,138,9,74,712,1
1,17724,42275,2590,158988,7177,135277,200306,25984,3562,143229,5862,65866,53460,16685,9026,27845,1438
1,1849,4161,64,7441,344,7196,12921,2025,494,10176,916,3850,2838,550,476,2555,51
1,7775,30652,867,71927,2226,62076,138151,21062,2045,96489,2472,29319,30099,1403,6349,19340,634
1,1531,2019,22,4169,313,4805,6152,1261,358,7529,230,2586,1380,517,152,1069,44
1,0,1,0,12,0,0,8,2,0,7,0,2,2,0,1,2,0
1,150,414,25,743,69,1186,1831,240,0,1054,1,470,596,164,51,239,1
1,8,76,1,274,1,35,378,38,0,249,1,32,62,0,9,48,0
1,47,256,0,807,2,246,1130,166,0,886,13,154,130,1,36,227,4
1,7109,26896,879,57634,2292,60289,127395,16884,1352,76720,1646,28609,28325,1329,6379,16901,693
1,3456,10120,332,12347,755,18862,29884,4882,328,22678,638,6211,11369,606,2131,3541,168
1,219,634,4,2320,27,1244,3784,465,30,2638,29,1154,564,93,88,528,8
1,3474,13668,412,33111,1073,22389,64317,8880,789,44641,1084,12067,15678,1311,2647,9913,283
1,714,1828,63,2189,207,3080,5285,815,34,3923,95,974,1147,150,332,591,31
1,110,732,20,10653,19,1449,5245,429,30,5446,23,5962,575,46,57,1767,1
1,14890,63622,1384,106177,3894,120265,219367,33963,3534,141696,5476,48011,47146,2523,11534,29740,1152
1,2210,4657,131,8727,384,7512,21281,2950,235,15357,486,4433,5078,182,965,2804,64
1,686,3128,24,4669,58,5217,10945,1397,122,7514,161,1838,2819,147,565,1202,33
1,887,890,11,4255,103,2521,3519,696,45,3923,307,1474,746,462,208,887,7
1,160,387,7,1212,37,759,2830,325,3,2076,35,396,279,127,71,428,7
1,1159,3230,115,6218,458,5436,15447,1885,269,11364,837,2826,2932,209,761,2548,30
1,775,2095,66,2201,223,3265,5631,964,34,4188,94,1117,1252,149,317,751,34
1,2,37,0,83,0,43,191,29,6,131,2,19,21,0,1,38,0
1,84,172,6,532,12,414,1003,139,0,537,0,223,136,27,62,345,0
1,220,666,47,874,65,1225,2472,389,0,1672,27,567,793,29,336,335,12
1,0,30,0,76,0,59,167,20,0,82,0,19,27,0,4,26,1
1,4920,18547,586,28733,1336,32428,64934,10954,1098,48234,1465,13938,19713,969,3569,8953,276
1,1497,4970,179,14428,334,11150,28354,3101,240,17401,449,6069,5439,516,1216,5263,116
1,0,11,0,49,0,16,91,5,3,69,4,16,30,1,7,15,0
1,1022,3138,115,6214,366,5436,12779,1932,269,9305,837,2734,2886,117,761,2456,30
1,9,134,0,1289,3,225,1819,148,0,1259,1,253,224,4,163,420,0
1,144,690,17,1354,20,1217,3481,463,57,2496,189,544,967,37,329,701,20
1,1892,6247,63,8775,295,10650,19837,3312,141,15854,610,4493,5543,905,1116,3169,101
1,34,178,7,3115,4,606,2524,157,0,2217,9,1091,122,9,72,949,1
1,161,409,5,1882,27,728,1879,269,0,1582,11,888,320,85,33,376,5
1,646,956,34,2269,209,2310,3833,461,9,2554,50,1103,551,24,103,696,3
1,19093,49678,1821,103107,15503,159088,193705,28120,4417,131280,4290,60976,48441,19141,9360,26217,833
1,802,2647,257,5946,264,5307,9073,1283,332,6224,629,2665,2162,420,347,2190,20
1,4215,7264,143,15828,816,18127,28447,3987,587,19192,816,7595,5679,1608,1382,5575,117
1,34,178,7,3115,4,606,2524,157,0,2217,9,1091,122,9,72,949,1
1,541,2616,30,6411,113,4643,11986,1954,93,8142,116,2841,2249,124,471,1948,73
1,9,129,0,774,3,148,1300,71,0,810,1,123,207,4,158,199,0
1,0,11,0,49,0,16,91,5,3,69,4,16,30,1,7,15,0
1,2760,8917,246,20505,917,15378,39216,5477,546,29081,554,7263,9897,649,1790,5323,143
1,4523,12391,403,18755,1009,23369,36319,6297,338,159160,649,7849,13423,768,2382,4018,202
1,12765,51487,1645,84253,3657,154687,200210,29762,4904,133441,5021,52175,49993,17542,9550,28293,855
1,1429,5013,43,7658,259,8814,17239,3210,122,14072,523,3986,4727,877,972,2764,83
1,161,409,5,1882,27,728,1879,269,0,1582,11,888,320,85,33,376,5
1,476,3069,48,8629,123,5292,15787,1752,310,9708,254,3443,3314,142,864,2432,19
1,1086,4256,31,5271,141,5211,10991,2266,1000,8787,981,2388,2441,241,725,2618,29
1,4523,12391,403,18755,1009,23369,36319,6297,338,159160,649,7849,13423,768,2382,4018,202
1,1021,3138,115,6395,366,5436,12779,1852,269,9866,837,2734,2886,117,761,2456,30
1,144,690,17,1354,20,1217,3481,463,57,2496,189,544,967,37,329,701,20
1,9531,26529,999,52831,3273,111127,113391,15332,1228,83933,3092,36354,35040,16542,6730,17877,656
1,9,128,0,754,3,147,1276,69,0,797,1,118,205,4,157,184,0
1,301,1163,57,3848,77,2142,6354,823,89,4380,78,1617,843,134,190,1042,14
1,2,45,0,92,0,46,225,40,6,160,3,21,27,0,3,41,0
1,9,20,1,112,8,63,191,26,3,627,4,38,50,1,10,39,0
1,2898,5913,208,9827,658,10379,23877,3201,248,17213,519,4920,6422,155,1149,2927,72
1,4197,5705,356,14689,656,12887,27938,3482,719,20719,734,7648,8529,1336,873,4283,103
1,0,0,0,0,0,0,0,0,0,0,0,0,0,0,0,0,0
1,5834,25289,954,59534,1892,105552,137404,18863,2426,87449,4594,35746,37884,16059,7525,17652,1036
1,19,22,0,118,6,75,214,23,0,726,2,42,57,1,12,48,0
1,12765,51487,1645,84253,3657,154687,200210,29762,4904,133441,5021,52175,49993,17542,9550,28293,855
1,4947,14446,442,37701,1188,28434,69501,8846,745,47854,1586,15262,14972,1346,2722,11900,218
1,1591,5166,135,12076,490,14596,27169,2883,155,17420,160,4076,4027,101,1673,3164,129
1,4542,20072,657,42959,1282,93261,98990,14271,1611,65110,3448,29220,28348,15911,5473,12591,761
1,1434,3788,161,5098,438,7573,12647,1847,164,9430,278,2688,5335,269,904,1592,87
1,4524,12391,403,18756,1009,23369,36319,6297,338,159160,649,7849,13423,768,2382,4018,202
1,281,766,17,3444,32,1667,4898,537,51,3687,187,1025,1848,624,342,1050,23
1,32,176,8,2509,4,475,2625,162,0,2251,10,897,138,9,74,712,1
1,545,2151,37,3678,75,2991,8438,1019,143,5687,348,1408,1949,147,456,1617,12
1,17,81,1,445,1,137,734,45,0,646,4,60,119,5,31,108,1
1,476,3069,48,8629,123,5292,15787,1752,310,9708,254,3443,3314,142,864,2432,19
1,3101,11231,371,25098,1054,21159,52183,7101,843,34603,918,10819,15491,1142,2675,7941,252
1,1141,3072,115,4444,323,5752,10139,1438,116,7833,211,2046,3617,222,656,1285,67
1,672,1879,50,2422,157,3816,5999,746,88,4129,138,1323,2265,108,381,780,34
1,527,1244,27,3382,221,2965,7482,1034,64,5052,65,1638,1148,198,201,1359,30
1,14,146,0,734,3,234,1028,135,0,746,13,179,139,3,47,223,1
1,915,2015,101,5641,182,4754,8719,1285,112,5712,121,2417,1556,173,300,1534,34
1,2193,3352,60,9613,163,13505,6492,1773,193,5005,115,6983,1078,164,249,4901,47
1,2,44,0,91,0,46,221,39,6,158,3,21,27,0,3,41,0
1,6349,33070,1472,72932,1820,54705,128569,22290,3749,97522,5916,25876,23611,2273,4655,22393,685
1,19184,32327,2186,60743,3287,148998,130922,20182,2665,85832,3501,43061,32469,15947,7281,20521,876
1,11414,43014,1237,92256,3518,85077,198146,27878,2714,132833,3533,39475,43603,3290,8653,29132,814
1,1087,4467,30,6240,129,5421,12131,2194,1003,9727,1040,2542,2678,240,754,2776,29
1,84,172,6,2346,12,486,1510,139,0,972,0,985,136,27,241,1151,0
1,219,634,4,2320,27,1244,3784,465,30,2638,29,1154,564,93,88,528,8
1,2,6,0,13,1,5,39,4,0,21,0,6,9,0,0,22,0
1,4699,13038,418,15496,991,24632,38898,6287,359,29513,673,8232,14120,798,2455,4267,204
1,5356,13753,639,29401,997,27487,62741,7911,1543,42524,1715,13049,18127,897,3685,8855,307
1,1387,5598,122,10911,622,66262,22090,2965,943,15191,716,15492,5291,15449,1137,3341,62
1,32,176,8,2509,4,475,2625,162,0,2251,10,897,138,9,74,712,1
1,2175,6744,289,12928,358,10128,20106,4019,518,16441,1478,5402,4105,868,1066,3814,199
1,180,714,17,1367,44,1217,3854,463,57,2931,189,586,979,61,329,723,20
1,1434,3788,161,5098,438,7573,12647,1847,164,9430,278,2688,5335,269,904,1592,87
1,161,409,5,1882,27,728,1879,269,0,1582,11,888,320,85,33,376,5
1,1087,4467,30,6240,129,5421,12131,2194,1003,9727,1040,2542,2678,240,754,2776,29
1,7764,28257,833,52221,1446,48769,111633,15553,2274,78998,3121,22757,30326,1480,6196,16245,497
1,219,634,4,2320,27,1244,3784,465,30,2638,29,1154,564,93,88,528,8
1,84,172,6,501,12,414,1003,140,0,536,1,223,135,27,62,346,0
1,10393,38735,1287,66592,2355,126512,161493,24384,3574,110519,4787,42246,46703,16313,9970,21282,991
1,1767,7315,224,17853,581,13362,37615,4694,478,23938,778,7762,7919,580,1472,6781,128
1,5411,25731,296,48928,964,34860,88345,11537,1978,57930,2689,17273,22353,2560,5593,12132,292
1,3456,10120,332,12347,755,18862,29884,4882,328,22678,638,6211,11369,606,2131,3541,168
1,219,634,4,2320,27,1244,3784,465,30,2638,29,1154,564,93,88,528,8
1,3255,14011,310,28639,1079,23074,61841,7755,837,41764,1898,12375,14692,1297,2904,10304,205
1,14,18,1,162,12,70,270,24,0,895,3,43,64,4,15,52,0
1,4542,20072,657,42959,1282,93261,98990,14271,1611,65110,3448,29220,28348,15911,5473,12591,761
1,686,3136,24,4683,58,5223,10956,1403,122,7528,161,1838,2821,147,567,1202,33
1,22,20,0,144,9,28,405,13,0,271,3,17,23,7,0,109,0
1,626,1823,89,33221,322,2594,6020,947,60,4376,41,16153,1100,60,226,913,33
1,10,61,1,200,2,64,413,43,3,327,15,42,101,0,16,79,0
1,6349,33070,1472,72932,1820,54705,128569,22290,3749,97522,5916,25876,23611,2273,4655,22393,685
1,1758,5516,167,6555,417,10174,16115,2459,252,11985,339,3484,6212,394,1097,1778,96
1,5868,14389,693,36855,1678,142418,82397,10997,1725,54873,3205,36957,22580,30933,3285,9397,519
1,3,12,0,48,0,4,76,7,0,51,0,8,17,0,6,14,0
1,5,70,0,252,1,35,349,35,0,233,0,32,60,0,9,41,0
1,0,11,0,49,0,16,91,5,3,69,4,16,30,1,7,15,0
1,4520,12391,403,18745,1007,23362,36303,6297,338,159136,652,7846,13420,768,2382,4020,202
1,29653,30270,2392,63693,5063,84951,103139,17495,1164,86066,3114,36855,29045,3316,5718,20682,421
1,4083,7083,154,18092,740,14101,28559,4570,126,21483,500,6110,4468,684,1276,6175,124
1,778,2177,66,2297,223,3595,6009,1014,40,4650,95,1167,1338,180,332,796,34
1,0,30,0,76,0,59,167,20,0,82,0,19,27,0,4,26,1
1,387,2815,104,5873,136,3803,11188,2965,351,9304,201,2298,2850,79,208,1705,55
1,740,625,16,1222,112,1844,1853,393,46,1671,28,791,518,390,32,347,5
1,2231,5556,161,10704,403,9183,24295,3539,327,18141,468,5479,5913,188,1112,3255,73
1,4763,4498,48,11487,123,5292,15787,53342,310,9708,254,3443,3314,142,864,2432,19
1,1565,14180,346,37246,1072,135278,85110,11712,1787,53495,3524,34237,19954,30480,3611,8933,542
1,2,45,0,92,0,46,225,40,6,160,3,21,27,0,3,41,0
1,1022,3138,115,6214,366,5436,12779,1932,269,9305,837,2734,2886,117,761,2456,30
1,4524,12391,403,18756,1009,23369,36319,6297,338,159160,649,7849,13423,768,2382,4018,202
1,551,2888,91,6493,209,5569,12916,1847,131,7047,287,3571,3729,317,730,2472,82
1,4642,11826,595,24416,1668,23995,50693,6856,698,35594,1360,10691,13348,1411,2386,7927,186
1,1761,5580,64,9538,384,10284,19785,3254,191,17074,563,4617,5104,894,1040,3139,90
1,4775,18341,478,28421,1208,33856,69252,10368,1024,46521,1272,14751,16198,883,4039,9555,287
1,775,2095,66,2201,223,3265,5631,964,34,4188,94,1117,1252,149,317,751,34
1,12765,51487,1645,84253,3657,154687,200210,29762,4904,133441,5021,52175,49993,17542,9550,28293,855
1,679,2494,50,7119,150,5586,11085,1476,66,6838,346,2806,2572,714,814,2226,62
1,476,3069,48,8629,123,5292,15787,8384,310,9708,254,3443,3314,142,864,2432,19
1,12765,51487,1645,84253,3657,154687,200210,29762,4904,133441,5021,52175,49993,17542,9550,28293,855
1,84,172,6,532,12,414,1003,139,0,537,0,223,136,27,62,345,0
1,161,409,5,1882,27,728,1879,269,0,1582,11,888,320,85,33,376,5
1,5554,28937,523,59871,2302,219217,131776,19226,2271,85901,4519,56826,33286,46843,6600,17959,617
1,775,2095,66,2201,223,3265,5631,964,34,4188,94,1117,1252,149,317,751,34
1,18,268,0,2578,6,450,3638,296,0,2518,2,506,448,8,326,840,0
1,3513,12432,275,15199,678,19491,35247,6610,1267,26312,1464,7630,10054,748,2137,5552,178
1,1127,2987,117,12091,324,6462,10841,1664,128,7577,244,3684,15380,224,706,2162,99
1,2397,13207,433,34399,898,82135,77442,10702,1484,51611,2203,24717,18400,15550,3484,10330,647
1,16,153,0,1496,9,266,2048,164,0,2358,1,279,272,4,170,457,0
1,1593,8070,192,19173,740,69355,36187,5543,1115,24987,830,18772,7755,15557,1624,5528,80
1,117,562,17,1726,31,467,2492,429,9,2132,23,786,327,37,65,342,5
1,476,3069,48,8629,123,5292,15787,1752,310,9708,254,3443,3314,142,864,2432,19
1,13,50,0,77,1,59,219,53,0,175,19,31,59,15,7,60,0
1,495,763,46,2137,294,1754,3644,544,15,2952,25,1049,547,96,106,593,14
1,12,10,0,97,12,97,161,13,3,516,4,63,52,1,17,24,1
1,1087,4467,30,6240,129,5421,12131,2194,1003,9727,1040,2542,2678,240,754,2776,29
1,13,50,0,77,1,59,219,53,0,175,19,31,59,15,7,60,0
1,4720,16658,456,37375,1286,27441,65445,9845,842,42492,1638,17449,17674,1157,3656,10201,247
1,1746,4488,197,7827,507,8491,15438,2474,197,67621,363,2991,6371,318,1145,1802,91
1,10681,40846,1158,86442,3213,80015,184730,26233,2565,122315,3402,36877,40911,3194,8307,27436,805
1,1523,4600,186,8004,486,9476,18609,2371,256,13521,304,4318,5742,284,848,2528,77
1,1897,10032,257,29582,1501,186896,65824,8894,1444,41263,2721,42524,14036,45393,2688,6940,428
1,148,531,18,5074,44,1769,4219,827,140,2313,2197,1004,272,35,127,2431,64
1,144,690,17,1354,20,1217,3481,463,57,2496,189,544,967,37,329,701,20
1,315,1242,59,4071,78,2283,6845,896,89,4778,85,1710,920,138,203,1159,14
1,476,3069,48,8629,123,5292,15787,1752,310,9708,254,3443,3314,142,864,2432,19
1,534,1770,45,4201,131,3763,9527,1143,65,6408,258,1932,2520,156,517,1558,33
1,16,153,0,1496,9,266,2048,164,0,2358,1,279,272,4,170,457,0
1,219,634,4,2320,27,1244,3784,465,30,2638,29,1154,564,93,88,528,8
1,3084,11870,404,24737,1137,78123,60078,8344,860,38756,2272,21302,18540,15736,3450,7185,387
1,281,766,17,3444,32,1667,4095,537,51,3063,187,1025,1045,624,342,1050,23
1,6349,33070,1472,72932,1820,54705,128569,22290,3749,97522,5916,25876,23611,2273,4655,22393,685
1,34,178,7,3115,4,606,2524,157,0,2217,9,1091,122,9,72,949,1
1,17,82,1,438,1,145,936,46,0,805,4,63,121,5,31,660,1
1,1147,3433,78,5699,232,6887,12915,1725,125,8877,378,2762,4065,259,830,1981,65
1,2201,4199,100,9376,471,7859,22561,2648,205,15506,403,4990,5353,154,994,3186,57
1,7,50,0,178,1,24,215,19,0,158,0,27,44,0,8,32,0
1,3209,16286,300,26561,659,27461,58929,9496,930,40186,1748,13726,16830,4137,3818,7127,350
1,13371,13005,287,23526,876,39635,33404,6785,278,27882,515,15101,9575,890,1724,5748,201
1,219,634,4,2320,27,1244,3784,465,30,2638,29,1154,564,93,88,528,8
1,1868,5013,223,7269,543,9429,17389,2712,230,12746,436,3319,7142,372,1277,2114,121
1,476,3069,48,8629,123,5292,15787,1752,310,9708,254,3443,3314,142,864,2432,19
1,686,3136,24,4683,58,5223,10956,1403,122,7528,161,1838,2821,147,567,1202,33
1,5241,18141,488,39414,1393,30416,70787,10521,1065,46339,1888,18827,19808,1266,3960,11134,256
1,12765,51487,1645,84244,3657,154687,200191,29760,4904,133432,5021,52175,49991,17542,9549,28290,855
1,1980,7467,90,14728,403,13576,27616,4680,434,20522,748,6616,6186,1036,1465,4156,111
1,7220,35384,1144,95818,2389,122339,185206,24700,3221,122306,5515,55959,47977,16420,9668,27550,1216
1,587,1968,86,6710,154,3398,9902,1509,107,7260,106,3003,1910,265,319,1711,30
1,14,18,1,162,12,70,270,24,0,895,3,43,64,4,15,52,0
1,219,634,4,2320,27,1244,3784,465,30,2638,29,1154,564,93,88,528,8
1,94,57,0,319,81,264,546,54,0,2001,3,107,90,7,37,93,3
1,1021,3138,115,6395,366,5436,12779,1852,269,9866,837,2734,2886,117,761,2456,30
1,3324,21064,567,51099,1544,148726,115515,15223,2399,74335,4297,40467,29946,30875,6135,13372,652
1,956,3498,96,6416,500,62753,13908,1795,536,9713,373,13946,3955,15291,968,1880,42
1,5068,28502,507,60031,1132,32168,74086,9348,1021,43550,1634,12679,19429,922,3904,8225,348
1,6349,33070,1472,72932,1820,54705,128569,22290,3749,97522,5916,25876,23611,2273,4655,22393,685
1,7170,27824,975,60961,2241,109821,143276,20255,2424,92602,4633,36631,38663,16195,7707,17987,1069
1,14495,49900,1623,83890,5162,97729,192808,27535,3391,130864,3558,37582,47108,2509,9782,26496,749
1,35,182,8,3169,4,620,2558,162,0,2245,9,1101,125,9,73,958,1
1,84,172,6,532,12,414,1003,139,0,537,0,223,136,27,62,345,0
1,6148,19875,419,82082,1060,49090,82116,10199,1121,62262,2764,17842,34101,2068,8435,12542,182
1,19,23,0,103,6,66,179,24,3,626,3,42,51,1,12,44,0
1,14,18,1,162,12,70,270,24,0,895,3,43,64,4,15,52,0
1,1604,6396,48,16749,269,9924,23549,3862,227,18186,584,11506,6007,915,1331,5438,140
1,1089,4452,32,6177,129,5402,12012,2190,1003,9663,1040,2532,2662,243,750,2757,29
1,5241,18141,488,39414,1393,30416,70787,10521,1065,46339,1888,18827,19808,1266,3960,11134,256
1,834,2945,55,5810,240,5517,11980,1551,168,8166,177,2108,2896,118,457,1695,44
1,8,76,1,274,1,35,378,38,0,249,1,32,62,0,9,48,0
1,12765,51487,1645,84253,3657,154687,200210,29762,4904,133441,5021,52175,49993,17542,9550,28293,855
1,2724,12706,366,34770,1977,193854,78292,10073,1492,48709,2859,45410,17324,45518,3177,8944,449
1,3135,14430,399,31591,874,82493,73954,10601,1259,47319,2878,23897,20929,15667,4051,8722,558
1,5117,15202,460,28914,1274,24682,53043,8771,529,36507,1334,11776,12187,1645,2652,8137,211
1,195,497,7,3014,22,1278,2736,355,36,1933,122,870,573,516,226,814,19
1,1804,3982,62,6673,340,6798,11983,2003,497,11648,893,3412,2684,542,445,2358,51
1,1406,10518,291,29123,955,130861,64796,8868,1143,40134,2907,31162,14365,30453,2335,7237,406
1,702,2097,50,3690,159,3937,7988,868,88,6355,139,1397,2438,108,449,1023,36
1,17,82,1,438,1,145,936,46,0,805,4,63,121,5,31,660,1
1,161,409,5,1882,27,728,1879,269,0,1582,11,888,320,85,33,376,5
1,151,477,8,899,39,728,1869,272,6,1197,44,337,420,99,160,347,8
1,31,264,9,751,4,518,1267,190,3,969,5,454,259,5,25,352,0
1,2022,5998,277,10119,605,11315,22686,3389,312,15803,482,4293,8211,396,1501,2734,110
1,9,134,0,822,3,161,1401,82,0,854,1,157,223,4,156,256,0
1,1363,6467,163,12713,417,11814,28407,3794,745,16812,684,6344,8134,488,1455,4811,145
1,3217,19640,549,49666,1799,202547,110984,14649,2443,71258,4160,50689,28019,45969,5859,12474,645
1,5572,12942,325,19392,1237,20295,37087,7157,233,28813,707,8364,8148,984,2570,6846,150
1,1884,7415,187,22242,509,13455,40812,3844,797,31518,1011,8354,10918,425,1782,4552,108
1,5123,19162,655,49765,1886,205380,111657,14891,1911,70117,4034,52206,28517,45845,4960,13424,685
1,476,3069,48,8629,123,5292,15787,1752,310,9708,254,3443,3314,142,864,2432,19
1,13,50,0,77,1,59,219,53,0,175,19,31,59,15,7,60,0
1,1538,5793,122,12741,511,16465,31197,3527,68,18385,88,4370,3440,111,1879,3620,145
1,219,634,4,2320,27,1244,3784,465,30,2638,29,1154,564,93,88,528,8
1,1678,5858,167,14886,452,12199,29068,3208,412,19927,584,5667,6110,405,1284,4651,94
1,714,1828,63,2192,207,3081,5288,815,34,3924,95,974,1147,150,332,592,31
1,2,45,0,92,0,46,225,40,6,160,3,21,27,0,3,41,0
1,29,198,4,1561,5,969,1913,185,0,1550,12,929,160,9,73,556,1
1,767,2212,94,8080,125,4611,14791,1657,171,11156,137,2517,1964,178,434,2454,25
1,3126,14363,399,31331,872,82302,73573,10548,1259,47075,2874,23774,20816,15651,4018,8654,557
1,1726,5780,69,9826,325,11235,21586,3367,289,15625,578,5143,5678,936,1228,3372,99
1,3456,10120,332,12347,755,18862,29884,4882,328,22678,638,6211,11369,606,2131,3541,168
1,2108,12713,377,31086,592,25197,70853,8582,1250,45141,2857,13005,16937,719,3168,10193,321
1,4523,12391,403,18755,1009,23369,36319,6297,338,159160,649,7849,13423,768,2382,4018,202
1,7716,27818,916,45422,2085,106266,103864,15555,3018,74757,3661,32907,31981,17425,5879,16056,496
1,16,153,0,1496,9,266,2048,164,0,2358,1,279,272,4,170,457,0
1,4542,20072,657,42959,1282,93261,98990,14271,1611,65110,3448,29220,28348,15911,5473,12591,761
1,5381,25370,851,57937,1950,99058,122539,19059,2348,81557,4344,34589,32299,16846,5613,17367,757
1,1922,3670,75,6990,304,5744,18419,2350,157,13052,385,3554,4425,66,882,2336,49
1,16,153,0,1496,9,266,2048,164,0,2358,1,279,272,4,170,457,0
1,424,4661,169,9229,115,5226,15254,2855,1050,11414,590,3929,1715,47,647,3218,53
1,1044,4381,147,11820,262,8805,23037,2831,202,13876,411,5362,4829,433,947,4524,98
1,1022,3138,115,6214,366,5436,14948,1932,269,10627,837,2734,5055,117,761,2456,30
1,545,2151,37,3674,75,2991,8432,1019,143,5681,348,1402,1949,147,456,1605,12
1,40,53,2,274,8,122,375,46,0,242,3,122,70,12,10,85,1
1,545,2151,37,3678,75,2991,8438,1019,143,5687,348,1408,1949,147,456,1617,12
1,0,30,0,76,0,59,167,20,0,82,0,19,27,0,4,26,1
1,10,16,1,111,9,73,218,18,0,297,3,37,58,1,9,37,0
1,7500,25346,636,37757,1827,42020,89124,13582,1203,62266,1926,18629,22857,1657,5045,12699,309
1,1003,2791,76,5728,267,5727,11472,1441,110,8001,207,2671,3014,291,562,1745,43
1,5383,8215,644,19622,891,20990,32099,4665,351,23520,515,10357,7941,733,1341,5106,173
1,5763,28907,690,62014,1556,34061,79585,9693,991,47753,1576,13934,20966,932,4341,8891,375
1,161,409,5,1882,27,728,1879,269,0,1582,11,888,320,85,33,376,5
1,12765,51487,1645,84253,3657,154687,200210,29762,4904,133441,5021,52175,49993,17542,9550,28293,855
1,12765,51487,1645,84253,3657,154687,200210,29762,4904,133441,5021,52175,49993,17542,9550,28293,855
1,4893,22518,798,54012,1706,96396,116281,16842,2082,75124,4374,33466,30502,16742,5711,16508,816
1,1924,5222,258,12890,823,9649,21031,3284,312,15090,887,5964,4439,1039,835,4432,99
1,27,83,0,242,4,125,464,69,3,1700,22,66,104,20,19,127,0
1,22,20,0,144,9,28,405,13,0,271,3,17,23,7,0,109,0
1,84,172,6,532,12,414,1003,139,0,537,0,223,136,27,62,345,0
1,3130,1717,0,3198,5,2306,862,1387,0,2371,5,1010,98,5,18,1029,21
1,117,562,17,1726,30,467,2492,429,9,2131,23,786,327,37,65,342,5
1,1419,4010,101,10882,408,9900,19601,2416,232,13754,189,5062,3576,270,910,2570,84
1,12765,51487,1645,84253,3657,154687,200210,29762,4904,133441,5021,52175,49993,17542,9550,28293,855
1,187,927,7,3060,8,1362,5393,513,28,3282,65,1259,852,7,149,789,6
1,12765,51487,1645,84244,3657,154687,200191,29760,4904,133432,5021,52175,49991,17542,9549,28290,855
1,14013,26339,1531,58072,2627,124150,122336,15993,2487,86733,4658,39880,33369,16858,6282,19490,544
1,2933,6745,214,11685,634,11231,28493,3791,305,20615,600,5747,7641,278,1398,3715,95
1,1257,3257,150,4260,367,6196,10259,1528,158,7617,241,2243,4122,254,650,1271,69
1,3126,14361,399,31325,872,82273,73535,10548,1259,47065,2874,23767,20816,15651,4013,8649,557
1,4542,20072,657,42959,1282,93261,98990,14271,1611,65110,3448,29220,28348,15911,5473,12591,761
1,14,66,0,334,1,118,567,34,0,518,4,47,93,5,25,84,1
1,4720,16658,456,37375,1286,27441,65445,9845,842,42492,1638,17449,17674,1157,3656,10201,247
1,6992,12901,162,21258,603,31217,39869,8500,339,31885,1161,11860,10513,1471,1924,6884,366
1,27,83,0,242,4,125,464,69,3,1700,22,66,104,20,19,127,0
1,1654,5660,163,12545,631,14447,30776,4152,498,20023,335,6685,4662,267,935,5404,95
1,4542,20072,657,42959,1282,93261,98990,14271,1611,65110,3448,29220,28348,15911,5473,12591,761
1,914,3307,62,7078,282,6323,14400,1825,186,10378,185,2411,3134,133,525,2029,44
1,636,3125,127,10726,224,6045,16612,2076,192,11677,143,3855,2982,136,471,2819,45
1,8040,17921,997,34338,2898,43515,78545,9911,1093,52195,1023,16394,16600,962,4276,10012,348
1,3126,14361,399,31432,873,82323,73748,10546,1259,47134,2874,23792,20872,15651,4028,8676,557
1,17,82,1,447,1,141,740,46,0,667,4,60,119,5,31,108,1
1,7531,30505,542,60306,1484,39649,104160,14574,2164,68149,4146,20675,26162,2075,5376,16724,414
1,3757,13926,416,33770,1254,24479,66010,8795,962,45611,1119,12920,17207,1438,3039,9553,275
1,219,634,4,2320,27,1244,3784,465,30,2638,29,1154,564,93,88,528,8
1,119,455,9,2850,22,1920,5276,401,3,3256,10,890,562,8,124,954,16
1,4542,20072,657,42959,1282,93261,98990,14271,1611,65110,3448,29220,28348,15911,5473,12591,761
1,13,50,0,77,1,59,219,53,0,175,19,31,59,15,7,60,0
1,180,714,17,1294,44,1217,3854,453,57,2644,189,568,979,61,329,725,20
1,2973,3497,62,6898,859,13439,9187,2986,175,6952,102,4075,1363,305,269,1954,273
1,161,409,5,1882,27,728,1879,269,0,1582,11,888,320,85,33,376,5
1,1563,4625,115,4478,322,7507,11479,2025,51,8997,171,2502,3478,330,730,1169,54
1,8526,36714,873,83135,2877,74902,176466,23515,2681,113964,3140,35463,37278,2624,7687,26228,713
1,1434,3788,161,5098,438,7571,12643,1847,164,9430,278,2688,5335,269,904,1590,87
1,20,70,0,1199,2,182,1103,1716,0,952,4,394,171,5,159,505,1
1,1999,9702,17,41498,45,4307,58631,4952,55,45328,75,1736,2551,111,445,3306,14
1,4711,13037,168,19994,715,22992,42847,8761,387,32509,1213,10747,11079,2000,2003,6808,304
1,775,2095,66,2201,223,3265,5631,964,34,4188,94,1117,1252,149,317,751,34
1,2,24,0,65,0,23,143,23,3,100,1,9,15,0,0,31,0
1,629,653,19,1967,266,2280,3622,576,0,2500,31,1098,593,126,63,672,7
1,84,172,6,532,12,414,1003,139,0,537,0,223,136,27,62,345,0
1,14382,49405,1601,82795,5144,97247,190844,27332,3270,129269,3498,37235,46860,2500,9766,26296,742
1,5,70,0,252,1,35,349,35,0,233,0,32,60,0,9,41,0
1,476,3069,48,8629,123,5292,15787,1752,310,9708,254,3443,3314,142,864,2432,19
1,4524,12391,403,18766,1009,23371,36344,6297,338,159167,649,7851,13426,768,2383,4023,202
1,12,87,0,272,2,36,371,56,0,235,0,33,80,2,9,42,0
1,84,172,6,532,12,414,1003,139,0,537,0,223,136,27,62,345,0
1,1936,4065,84,7740,319,7130,20261,2638,254,14460,419,4096,4752,68,918,2634,49
1,860,4008,143,7634,220,4962,14973,2250,290,11180,425,2985,3007,347,671,2383,55
1,4289,22208,758,57278,1485,96664,123255,17744,2360,78541,4857,35024,32407,16773,6427,17769,979
1,4524,12391,403,18756,1009,23369,36319,6297,338,159160,649,7849,13423,768,2382,4018,202
1,161,409,5,1882,27,728,1879,269,0,1582,11,888,320,85,33,376,5
1,16,153,0,1496,9,266,2048,164,0,2358,1,279,272,4,170,457,0
1,22,16,0,77,1,39,143,22,0,81,0,30,51,3,4,37,0
1,1884,7425,187,21457,509,13479,40444,3848,797,29181,1011,7171,11527,425,1786,4558,108
1,84,172,6,532,12,414,1003,139,0,537,0,223,136,27,62,345,0
